L_u,m_abs_u,L_g,m_abs_g,L_r,m_abs_r,L_i,m_abs_i,L_z,m_abs_z,L_y,m_abs_y
2.638942304225492e-25,14.841641495364781,2.4254384690625017e-25,14.93324057976783,2.233999698012675e-25,15.022508458304094,2.09909219841664e-25,15.090137447196065,1.9999238203196358e-25,15.142682600631767,1.918233022471442e-25,15.187962825686672
2.6389423042266085e-25,14.841641495364323,2.425438469063525e-25,14.933240579767372,2.2339996980136146e-25,15.022508458303635,2.099092198417519e-25,15.09013744719561,1.9999238203204679e-25,15.142682600631316,1.9182330224722316e-25,15.187962825686224
2.6389423042290376e-25,14.841641495363321,2.4254384690657486e-25,14.933240579766377,2.233999698015657e-25,15.022508458302642,2.0990921984194295e-25,15.090137447194621,1.9999238203222759e-25,15.142682600630334,1.918233022473949e-25,15.187962825685252
2.6389423042343034e-25,14.841641495361158,2.425438469070572e-25,14.933240579764217,2.2339996980200867e-25,15.02250845830049,2.0990921984235736e-25,15.090137447192479,1.9999238203261959e-25,15.142682600628206,1.9182330224776722e-25,15.187962825683146
2.6389423042457393e-25,14.841641495356452,2.425438469081046e-25,14.933240579759529,2.2339996980297056e-25,15.022508458295816,2.0990921984325726e-25,15.090137447187825,1.9999238203347095e-25,15.142682600623584,1.918233022485758e-25,15.187962825678568
2.6389423042705638e-25,14.841641495346238,2.425438469103783e-25,14.93324057974935,2.233999698050586e-25,15.022508458285667,2.099092198452107e-25,15.09013744717772,1.9999238203531911e-25,15.14268260061355,1.9182330225033108e-25,15.187962825668633
2.638942304324458e-25,14.841641495324064,2.4254384691531443e-25,14.933240579727256,2.2339996980959176e-25,15.022508458263637,2.0990921984945156e-25,15.090137447155785,1.999923820393312e-25,15.142682600591769,1.9182330225414166e-25,15.187962825647064
2.638942304441456e-25,14.841641495275928,2.4254384692603016e-25,14.933240579679286,2.2339996981943276e-25,15.022508458215809,2.0990921985865807e-25,15.090137447108164,1.9999238204804122e-25,15.142682600544482,1.9182330226241413e-25,15.187962825600243
2.6389423046954453e-25,14.841641495171428,2.4254384694929297e-25,14.93324057957515,2.2339996984079627e-25,15.02250845811198,2.099092198786442e-25,15.090137447004789,1.9999238206694965e-25,15.142682600441832,1.918233022803726e-25,15.187962825498595
2.638942305246825e-25,14.841641494944577,2.4254384699979353e-25,14.933240579349087,2.2339996988717397e-25,15.022508457886582,2.0990921992203186e-25,15.090137446780371,1.9999238210799747e-25,15.142682600218988,1.9182330231935838e-25,15.187962825277934
2.6389423064438113e-25,14.841641494452102,2.4254384710942496e-25,14.933240578858328,2.2339996998785516e-25,15.022508457397267,2.099092200162218e-25,15.09013744629318,1.9999238219710812e-25,15.142682599735217,1.9182330240399237e-25,15.187962824798896
2.6389423090423467e-25,14.84164149338299,2.4254384734742363e-25,14.933240577792938,2.2339997020642364e-25,15.02250845633501,2.099092202206985e-25,15.090137445235545,1.999923823905581e-25,15.142682598684997,1.9182330258772409e-25,15.18796282375896
2.6389423146834757e-25,14.841641491062068,2.42543847864092e-25,14.933240575480095,2.2339997068091115e-25,15.022508454028975,2.0990922066459445e-25,15.090137442939533,1.9999238281051624e-25,15.142682596405091,1.9182330298658503e-25,15.187962821501372
2.6389423269297625e-25,14.841641486023597,2.4254384898572374e-25,14.933240570459164,2.233999717109729e-25,15.02250844902282,2.0990922162824497e-25,15.09013743795514,1.999923837222005e-25,15.14268259145566,1.918233038524694e-25,15.187962816600395
2.6389423535151184e-25,14.841641475085622,2.4254385142066427e-25,14.933240559559266,2.2339997394712488e-25,15.022508438154997,2.099092237202255e-25,15.090137427134561,1.9999238570136772e-25,15.142682580710984,1.918233057322102e-25,15.1879628059609
2.638942411229046e-25,14.841641451340465,2.4254385670665625e-25,14.93324053589677,2.233999788015685e-25,15.022508414562132,2.0990922826168867e-25,15.090137403644261,1.9999238999792545e-25,15.142682557385456,1.9182330981292383e-25,15.187962782863714
2.6389425365197294e-25,14.841641399792303,2.4254386818197238e-25,14.933240484528058,2.2339998934003978e-25,15.022508363344583,2.099092381207131e-25,15.090137352649364,1.9999239932528681e-25,15.142682506748258,1.91823318671711e-25,15.18796273272223
2.6389428085122148e-25,14.841641287886846,2.4254389309363884e-25,14.933240373012161,2.234000122179178e-25,15.022508252156847,2.0990925952358587e-25,15.09013724194498,1.9999241957397644e-25,15.14268239682041,1.9182333790317702e-25,15.187962623870511
2.6389433989783844e-25,14.84164104495228,2.4254394717416314e-25,14.933240130923293,2.23400061883308e-25,15.022508010780378,2.099093059868995e-25,15.09013700161782,1.9999246353168397e-25,15.142682158179019,1.918233796526022e-25,15.187962387565284
2.638944680816193e-25,14.841640517567956,2.425440645770974e-25,14.933239605374883,2.2340016970146646e-25,15.022507486778508,2.0990940685369784e-25,15.09013647989389,1.9999255895908314e-25,15.14268164011471,1.9182347028605993e-25,15.187961874572533
2.6389474635459733e-25,14.841639372675115,2.425443194460356e-25,14.933238464467609,2.2340040376290302e-25,15.022506349228598,2.0990962582448934e-25,15.090135347289134,1.9999276612153084e-25,15.1426805154546,1.9182366704138128e-25,15.187960760922227
2.6389535045450376e-25,14.841636887243334,2.4254487273835397e-25,14.93323598768803,2.234009118844297e-25,15.022503879737492,2.099101011858828e-25,15.090132888533425,1.999932158483003e-25,15.142678073945858,1.9182409417541304e-25,15.187958343314572
2.6389666188719946e-25,14.841631491671123,2.425460738735048e-25,14.93323061089867,2.234020149588742e-25,15.022498518770545,2.0991113314173388e-25,15.09012755087188,1.999941921542126e-25,15.142672773725627,1.9182502143496788e-25,15.187953094980982
2.6389950885244303e-25,14.841619778614415,2.425486813957912e-25,14.933218938616832,2.234044096028881e-25,15.022486880837157,2.0991337339549166e-25,15.090115963532051,1.9999631159823473e-25,15.142661267666924,1.9182703440479895e-25,15.187941701562432
2.639056892435703e-25,14.841594351527185,2.4255434198724686e-25,14.93319360004425,2.234096080629361e-25,15.02246161682994,2.0991823669342656e-25,15.090090809358255,2.000009126325289e-25,15.142636289946028,1.918314042958232e-25,15.187916968370523
2.639191059088999e-25,14.841539155335445,2.4256663024777115e-25,14.933138595993256,2.234208931064719e-25,15.022406774645669,2.099287941477825e-25,15.090036205611725,2.000109007467136e-25,15.142582069261403,1.9184089062621866e-25,15.187863278528964
2.6394823063882165e-25,14.841419345786445,2.4259330544693064e-25,14.933019203490309,2.2344539052635306e-25,15.022287733506566,2.0995171210493313e-25,15.089917682101003,2.0003258275571154e-25,15.142464377344623,1.9186148333248112e-25,15.187746739001026
2.640114506397603e-25,14.841159325005899,2.426512083224829e-25,14.932760087737897,2.2349856613565594e-25,15.022029380379102,2.1000145913151667e-25,15.089660452715478,2.0007964680529394e-25,15.142208953295896,1.9190618269879411e-25,15.18749381659588
2.641486629264548e-25,14.840595191717801,2.42776880272702e-25,14.932197917593523,2.236139778721335e-25,15.021468865111927,2.1010942902305316e-25,15.089102377092344,2.0018179287906122e-25,15.141654797027643,1.920031956636306e-25,15.1869450907953
2.644463865062072e-25,14.839372140900068,2.4304956321672957e-25,14.930979121129035,2.2386439730454447e-25,15.020253657908142,2.1034369890225673e-25,15.087892466645906,2.0040342291885136e-25,15.140453395810999,1.922136840307908e-25,15.185755476929552
2.6509200344645706e-25,14.836724665109617,2.4364087745493343e-25,14.928340846204943,2.2440742875345744e-25,15.01762315936447,2.1085169941417554e-25,15.085273469299437,2.0088399824624819e-25,15.137852874319448,1.9267008045854695e-25,15.183180536631655
2.6649021172019297e-25,14.831013078821837,2.449214743001125e-25,14.92264907098842,2.2558344050770435e-25,15.011948193346518,2.1195179573130975e-25,15.079623482441114,2.019246269722051e-25,15.132243010347635,1.9365826038964332e-25,15.177626167694784
2.6950972799458934e-25,14.818780119158065,2.4768696233916016e-25,14.91045836612452,2.2812297939991105e-25,14.999793645853838,2.143271596120432e-25,15.067523212294214,2.0417122506674563e-25,15.12022989688635,1.9579119680019538e-25,15.165733330791292
2.75990512000578e-25,14.792980853110759,2.536223469024466e-25,14.884747441012955,2.33572980513484e-25,14.974159726988518,2.194237117555495e-25,15.042007340291331,2.089898209589805e-25,15.09490339869838,2.0036401784888404e-25,15.140666903730557
2.8971675975121484e-25,14.740282185181584,2.6619265188250554e-25,14.832226076440264,2.451132373543012e-25,14.921799318526629,2.302103674253629e-25,14.989904038484838,2.1918054770905485e-25,15.043211213853098,2.10026005768831e-25,15.089533550666946
3.1798247317879383e-25,14.639208276382256,2.9207470527875016e-25,14.73148136564543,2.6886486759124604e-25,14.821381091148575,2.523876550891082e-25,14.890045961827472,2.4009925018628998e-25,14.944239224018398,2.298211659497141e-25,14.991741174434098
3.7293481493801304e-25,14.466133912587717,3.423804667848392e-25,14.558943784255058,3.1498750580184175e-25,14.649482914638,2.9535563696530788e-25,14.719353073649314,2.8049695702713524e-25,14.775395848056743,2.679043377962348e-25,14.825266869531145
4.686622827934601e-25,14.218066224518566,4.299720780541394e-25,14.311615598843224,3.951311334983984e-25,14.403363107688307,3.6967713171330184e-25,14.475659768791385,3.4995152537216266e-25,14.535196506333984,3.329453578892688e-25,14.589283823251142
6.071732615447138e-25,13.93693463843463,5.5659624753935295e-25,14.031365548282306,5.10520340985666e-25,14.12518360689034,4.758519328586588e-25,14.201536639215854,4.482546002792565e-25,14.266404345314157,4.241255926326913e-25,14.326480034747252
7.614516542240801e-25,13.69111039723462,6.974191358638223e-25,13.786481584926218,6.38059919043505e-25,13.88306257238778,5.9201852255506e-25,13.964377996587004,5.546361785732308e-25,14.035195746173159,5.217638435828193e-25,14.101531281705956
8.895009844571947e-25,13.522350150794082,8.140762853701505e-25,13.618553474447541,7.430068026488433e-25,13.717734258507647,6.866813426572604e-25,13.803328114385067,6.40491690438351e-25,13.878932484232989,5.998707352579846e-25,13.950072045077937
9.711335551679425e-25,13.42701883254691,8.883200590213315e-25,13.523792561090799,8.094461241370313e-25,13.624746363790656,7.461919787236088e-25,13.713089792906864,6.9411153538529635e-25,13.7916430785647,6.48368998373438e-25,13.865660631050336
1.0134585890357587e-24,13.380701214308878,9.267716029286133e-25,13.477784438063258,8.437459543415993e-25,13.579686974847366,7.767916922363598e-25,13.669454803089454,7.215816493783997e-25,13.749502533275567,6.731368546259465e-25,13.824957810791107
1.0316173443712562e-24,13.361419645406786,9.432591878162898e-25,13.458638623137778,8.58430245483756e-25,13.560953706153473,7.898667457494781e-25,13.651331658636119,7.3329924684210785e-25,13.732013136135246,6.83686221549611e-25,13.808074164550414
1.0371174667941021e-24,13.355646362061384,9.482520013218567e-25,13.452906813558592,8.62874241821068e-25,13.555347471494578,7.9382078170936805e-25,13.645910072821241,7.36840425771314e-25,13.726782621404645,6.868725493362764e-25,13.803025832812354
1.0364939877928185e-24,13.356299265230396,9.47686055984631e-25,13.453555007056709,8.623705700241058e-25,13.555981415984148,7.933727094237593e-25,13.646523089845914,7.364391930450509e-25,13.727373999853981,6.865115646784424e-25,13.80359658955462
1.0330280289440294e-24,13.359935970222375,9.445398068083001e-25,13.457165569469073,8.595702184863924e-25,13.559512833267792,7.908811644483476e-25,13.649938152116535,7.342078494831599e-25,13.730668675298693,6.8450385505932495e-25,13.806776487532323
1.0282783008384266e-24,13.364939555394992,9.40227867465925e-25,13.462133435682473,8.55731510726307e-25,13.564372422553497,7.87464885514609e-25,13.654638241195753,7.311476440418275e-25,13.735203521193206,6.817498181238284e-25,13.811153656602402
1.0229667893424272e-24,13.370562397102153,9.354054621268573e-25,13.467716479580472,8.514372350922877e-25,13.569834636378918,7.836419610101864e-25,13.659922026628308,7.277222125352793e-25,13.740302155346866,6.786663558041262e-25,13.816075433443341
1.0174239942010565e-24,13.37646129471784,9.303725519031522e-25,13.473574010388477,8.469542418569363e-25,13.57556636481892,7.796496663961618e-25,13.665467489994949,7.241439302846911e-25,13.74565399645964,6.754444645306059e-25,13.821242116335485
1.0118003102323865e-24,13.382479212901961,9.252656549726967e-25,13.479550128868453,8.424040246006888e-25,13.581415150904956,7.75596075163766e-25,13.671127226728283,7.205095634409775e-25,13.751116859361137,6.721711946634287e-25,13.826516490475528
1.0061639061763568e-24,13.388544398610117,9.201466649527015e-25,13.485573592559057,8.378416973731625e-25,13.58731130758929,7.715302451962173e-25,13.676833844090519,7.168630608176056e-25,13.756625727897793,6.688860996592705e-25,13.831835806408597
1.0005455422022027e-24,13.394624080073068,9.150435217860291e-25,13.491611856729252,8.332921640057619e-25,13.593222988765003,7.674743671948141e-25,13.68255653490973,7.132243192553705e-25,13.762150875570152,6.65607098816485e-25,13.83717137065004
9.949589874300783e-25,13.40070328513859,9.099687417897745e-25,13.497650048016277,8.28766601012098e-25,13.599135631369062,7.634384192373326e-25,13.688281204542823,7.096022992285304e-25,13.76767869845625,6.623422718536665e-25,13.842510050054742
9.894103000880238e-25,13.406775165483822,9.049278407790303e-25,13.503681358955756,8.242699522033473e-25,13.605042562397877,7.594268322494107e-25,13.694001389308658,7.060009920692356e-25,13.773202955183637,6.590952264243434e-25,13.847845817930404
9.839020410782312e-25,13.41283657972666,8.999231589209139e-25,13.509702662890952,8.1980433291239325e-25,13.610940710076902,7.5544151867531e-25,13.699714109116487,7.024221322098737e-25,13.77872076587175,6.558675384212536e-25,13.8531758924456
9.784351861813636e-25,13.418886077805752,8.949555967269533e-25,13.51571251272329,8.153705755390467e-25,13.616828646194362,7.514832480152129e-25,13.705417974024702,6.988664294014513e-25,13.784230785240869,6.526598609500331e-25,13.858498973248398
9.730099936575166e-25,13.424922981303835,8.900254027934192e-25,13.52171022772844,8.109689310854984e-25,13.622705692645066,7.475522714210994e-25,13.711112319937364,6.953341284133373e-25,13.789732368572366,6.494724281873416e-25,13.863814436341935
9.676263978451507e-25,13.430946963854543,8.851325312127048e-25,13.527695476896133,8.065993875541883e-25,13.628571513698887,7.43648605279796e-25,13.716796814104178,6.918252632347398e-25,13.795225190969695,6.463052842839363e-25,13.869121966508947
9.622841877065644e-25,13.436957859715767,8.802768037240846e-25,13.533668088828287,8.022618144456996e-25,13.634425929939903,7.397721599594826e-25,13.72247127506483,6.883397725200954e-25,13.800709073559613,6.431583873498231e-25,13.874421389505285
9.56983087810507e-25,13.442955576440205,8.75457983271279e-25,13.539627965007758,7.979560283315098e-25,13.640268833364194,7.359227982575258e-25,13.728135590472412,6.848775520162023e-25,13.806183904160495,6.400316566902968e-25,13.87971259545592
9.517227950550239e-25,13.448940055037081,8.70675807364996e-25,13.545575040230023,7.936818226074441e-25,13.646100148639592,7.321003619324785e-25,13.733789679590487,6.814384783696073e-25,13.811649601073,6.369249942622487e-25,13.88499550388726
9.465029953119652e-25,13.454911251799949,8.659300032090858e-25,13.551509264552655,7.894389809911785e-25,13.651919815430206,7.2830468374641405e-25,13.739433476179594,6.780224199365425e-25,13.817106096554854,6.338382944195782e-25,13.890270047767094
9.413233709631558e-25,13.460869130018622,8.612202945530328e-25,13.557430595061932,7.852272836423636e-25,13.657727780333163,7.245355929291066e-25,13.745066920689407,6.74629241690268e-25,13.822553329280673,6.3077144833880355e-25,13.895536166221733
9.361836043047214e-25,13.466813656200287,8.565464047907836e-25,13.563338992118373,7.81046509934727e-25,13.663523993201453,7.207929176558112e-25,13.750689956698006,6.71258807447841e-25,13.827991240903119,6.27724346028118e-25,13.90079380121428
9.310833790771752e-25,13.472744798347698,8.519080583566597e-25,13.569234417645633,7.768964397087903e-25,13.669308405468197,7.170764861692849e-25,13.756302529289414,6.679109808795866e-25,13.833419774486075,6.246968772387337e-25,13.906042896031176
9.260223811453936e-25,13.478662525175764,8.473049813487345e-25,13.575116834351672,7.727768538350878e-25,13.675080969384158,7.13386127286334e-25,13.761904584315777,6.645856259657661e-25,13.838838873792316,6.216889318775991e-25,13.91128339459418
9.210002987931017e-25,13.484566805756275,8.427369018018125e-25,13.580986205375195,7.686875344645123e-25,13.680841637671943,7.097216706249659e-25,13.767496068063215,6.612826072022245e-25,13.844248482961188,6.187004001936354e-25,13.916515241149193
9.160168228426111e-25,13.490457609357899,8.382035498015034e-25,13.586842494126174,7.646282651366995e-25,13.686590363370344,7.0608294670471945e-25,13.77307692710195,6.580017896920567e-25,13.84964854636433,6.157311728611067e-25,13.921738380127069
9.110716466954543e-25,13.496334905375306,8.337046575262994e-25,13.592685664214851,7.605988308240322e-25,13.69232709976544,7.024697869894494e-25,13.778647108220468,6.547430391855403e-25,13.855039008542619,6.12781141016288e-25,13.926952756082947
9.06164466337248e-25,13.50219866329892,8.292399592570539e-25,13.598515679421165,7.565990179464495e-25,13.69805180036125,6.988820239039927e-25,13.784206558398099,6.515062220965743e-25,13.860419814180235,6.098501962729256e-25,13.932158313671467
9.012949803264966e-25,13.508048852703247,8.248091913717649e-25,13.604332503682596,7.526286143730495e-25,13.703764418868495,6.9531949083900885e-25,13.78975522479505,6.482912055084829e-25,13.865790908095628,6.069382307280883e-25,13.937354997638304
8.964628897762418e-25,13.513885443243643,8.204120923337656e-25,13.610136101090417,7.486874094177293e-25,13.709464909201538,6.91782022150468e-25,13.795293054750463,6.450978571749976e-25,13.871152235240213,6.040451369636648e-25,13.94254275281921
8.916678983326028e-25,13.51970840465698,8.160484026770043e-25,13.615926435889808,7.447751938321514e-25,13.715153225479119,6.882694531567233e-25,13.800819995784092,6.419260455190649e-25,13.8765037407006,6.011708080459016e-25,13.947721524142446
8.869097121520548e-25,13.525517706764068,8.117178649900855e-25,13.62170347248171,7.408917597975314e-25,13.720829322026786,6.847816201345137e-25,13.806335995599632,6.387756396306884e-25,13.881845369702432,5.983151375240657e-25,13.952891256632803
8.821880398782639e-25,13.531313319472895,8.074202238998266e-25,13.627467175425485,7.3703690091592215e-25,13.726493153380085,6.813183603144924e-25,13.811841002088823,6.356465092643426e-25,13.887177067614926,5.954780194287232e-25,13.958051895416311
8.775025926188557e-25,13.537095212782226,8.0315522605466855e-25,13.63321750944196,7.332104122013009e-25,13.732144674288143,6.778795118765608e-25,13.817334963335863,6.3253852483620775e-25,13.89249877995579,5.926593482698581e-25,13.96320338572528
8.728530839223021e-25,13.542863356785412,7.989226201081111e-25,13.638954439416636,7.294120900706049e-25,13.737783839717354,6.744649139451364e-25,13.822817827621982,6.294515574213451e-25,13.897810452396252,5.898590190349394e-25,13.968345672903492
8.682392297549685e-25,13.548617721674256,7.947221567022175e-25,13.644677930402969,7.256417323347652e-25,13.743410604855168,6.710744065843973e-25,13.828289543430085,6.26385478750849e-25,13.903112030766168,5.870769271869662e-25,13.973478702411477
8.636607484783961e-25,13.554358277742919,7.90553588451243e-25,13.650387947625708,7.218991381897826e-25,13.749024925113892,6.677078307935486e-25,13.833750059449397,6.233401612090132e-25,13.908403461059157,5.843129686625311e-25,13.978602419831791
8.5911736082679e-25,13.56008499539188,7.864166699253858e-25,13.656084456484253,7.181841082078424e-25,13.754626756134495,6.643650285020985e-25,13.839199324580123,6.203154778305098e-25,13.913684689437732,5.815670398698937e-25,13.983716770874329
8.546087898847591e-25,13.565797845131863,7.823111576346778e-25,13.661767422555998,7.14496444328492e-25,13.760216053790412,6.610458425651761e-25,13.844637287938108,6.173113022975972e-25,13.91895566223844,5.788390376870845e-25,13.988821701381637
8.50134761065267e-25,13.571496797587823,7.782368100129954e-25,13.667436811599718,7.108359498498594e-25,13.76579277419134,6.577501167588606e-25,13.850063898859464,6.143275089373402e-25,13.924216325976994,5.761288594600177e-25,13.99391715733421
8.45695002087831e-25,13.577181823502883,7.741933874022245e-25,13.673092589558934,7.072024294199402e-25,13.771356873687033,6.544776957755556e-25,13.855479106905204,6.113639727188662e-25,13.929466627353388,5.734364030006437e-25,13.999003084855817
8.412892429569418e-25,13.58285289374233,7.701806520365461e-25,13.67873472256529,7.035956890279305e-25,13.77690830887106,6.512284252193826e-25,13.860882861865855,6.084205692506384e-25,13.934706513257018,5.7076156658511325e-25,14.004079430218782
8.36917215940709e-25,13.588509979297573,7.66198368026859e-25,13.684363176941938,7.000155359956176e-25,13.78244703658459,6.480021516016072e-25,13.866275113766052,6.0549717477775305e-25,13.939935930771764,5.681042489519683e-25,14.009146139849308
8.325786555497377e-25,13.594153051290121,7.622463013453409e-25,13.689977919206898,6.964617789688291e-25,13.78797301392012,6.447987223360967e-25,13.871655812869118,6.025936661792661e-25,13.945154827181097,5.654643493003591e-25,14.014203160332737
8.282732985162191e-25,13.599782080975556,7.583242198101308e-25,13.695578916076471,6.929342279089279e-25,13.793486198225233,6.416179857347983e-25,13.877024909681621,5.997099209655315e-25,13.950363149973132,5.628417672882755e-25,14.019250438418856
8.240008837732474e-25,13.605397039747515,7.544318930701529e-25,13.701166134468577,6.894326940843701e-25,13.798986547106297,6.3845979100325475e-25,13.882382354957917,5.968458172755745e-25,13.955560846845698,5.602364030308096e-25,14.02428792102716
8.197611524343503e-25,13.610997899141664,7.505690925900626e-25,13.706739541506174,6.859569900623094e-25,13.804474018432193,6.353239882361409e-25,13.887728099704685,5.940012338744783e-25,13.960747865711369,5.57648157098432e-25,14.029315555252115
8.155538477732336e-25,13.616584630839665,7.46735591635322e-25,13.712299104520604,6.825069297002557e-25,13.809948570338001,6.322104284128267e-25,13.893062095185412,5.911760501507941e-25,13.965924154702506,5.550769305152922e-25,14.03433328836842
8.113787152037455e-25,13.622157206673153,7.429311652574103e-25,13.717844791054977,6.790823281377932e-25,13.815410161228664,6.291189633929755e-25,13.898384292924884,5.883701461139777e-25,13.97108966217624,5.525226247575431e-25,14.039341067836235
8.072355022600383e-25,13.627715598627713,7.391555902791469e-25,13.723376568867552,6.756830017883356e-25,13.820858749782664,6.260494459121564e-25,13.903694644713651,5.855834023918367e-25,13.976244336719494,5.499851417516759e-25,14.04433884130642
8.031239585769524e-25,13.633259778846828,7.354086452801546e-25,13.728894405935087,6.723087683309501e-25,13.826294294955652,6.23001729577492e-25,13.908993102612452,5.828157002280078e-25,13.981388127153922,5.474643838728869e-25,14.049326556625747
7.990438358705936e-25,13.638789719635849,7.31690110582435e-25,13.734398270456213,6.689594467022181e-25,13.831716755984074,6.199756688633262e-25,13.914279618956641,5.800669214794467e-25,13.986520982540872,5.4496025394345245e-25,14.0543041618421
7.949948879191199e-25,13.64430539346595,7.279997682360749e-25,13.739888130854796,6.656348570881549e-25,13.837126092388784,6.169711191069185e-25,13.919554146360577,5.773369486139413e-25,13.99164285218633,5.4247265523113045e-25,14.059271605209664
7.909768705437351e-25,13.649806772978069,7.2433740200507485e-25,13.745363955783265,6.623348209161797e-25,13.842522263978623,6.139879365041672e-25,13.924816637721985,5.746256647076451e-25,13.996753685645796,5.400014914475781e-25,14.06422883519408
7.869895415898623e-25,13.655293830986865,7.20702797353291e-25,13.750825714125986,6.590591608471277e-25,13.847905230853982,6.110259781053447e-25,13.930067046226299,5.719329534426216e-25,14.0018534327292,5.375466667467828e-25,14.06917580047761
7.8303266090853595e-25,13.66076654048463,7.170957414305063e-25,13.756273375002587,6.558077007673212e-25,13.853274953410368,6.080851018108725e-25,13.935305325350981,5.6925869910441585e-25,14.006942043505743,5.35108085723519e-25,14.074112449964268
7.791059903379736e-25,13.666224874645227,7.135160230586163e-25,13.76170690777129,6.5258026578068325e-25,13.858631392341904,6.051651663671057e-25,13.940531428869805,5.666027865796373e-25,14.012019468308745,5.3268565341181465e-25,14.079038732784927
7.752092936853506e-25,13.671668806828002,7.099634327179376e-25,13.767126282032219,6.493766822009059e-25,13.863974508644853,6.022660313621536e-25,13.945745310857118,5.63965101353566e-25,14.017085657740441,5.3027927528344205e-25,14.08395459830241
7.713423367087493e-25,13.677098310581695,7.064377625336217e-25,13.772531467630746,6.461967775436556e-25,13.869304263621098,5.993875572217052e-25,13.950946925692076,5.61345529507765e-25,14.022140562676796,5.278888572464135e-25,14.088859996116573
7.675048870993169e-25,13.682513359648311,7.02938806262204e-25,13.777922434660754,6.430403805188429e-25,13.87462061888159,5.965296052048995e-25,13.956136228062842,5.587439577177238e-25,14.027184134272227,5.255143056435071e-25,14.093754876069346
7.636967144635902e-25,13.687913927967031,6.994663592782495e-25,13.783299153467953,6.399073210229227e-25,13.879923536349802,5.936920374001968e-25,13.961313172970767,5.561602732505039e-25,14.032216323964361,5.231555272507964e-25,14.098639188249757
7.599175903060187e-25,13.69329998967806,6.960202185611254e-25,13.78866159465316,6.3679743013125505e-25,13.88521297826513,5.908747167212874e-25,13.966477715734529,5.535943639624107e-25,14.037237083478718,5.208124292762021e-25,14.103512882998938
7.561672880116557e-25,13.698671519126485,6.926001826818797e-25,13.79400972907555,6.337105400905032e-25,13.89048890718629,5.8807750690300985e-25,13.971629811994243,5.51046118296672e-25,14.042246364833405,5.184849193580533e-25,14.1083759109151
7.5244558282904495e-25,13.704028490866124,6.892060517902364e-25,13.799343527855928,6.30646484311084e-25,13.89575128599468,5.853002724972988e-25,13.976769417715555,5.485154252811391e-25,14.04724412034373,5.161729055636687e-25,14.113228222858494
7.487522518532714e-25,13.709370879663338,6.858376276017017e-25,13.804662962379966,6.276050973596629e-25,13.901000077897715,5.825428788691498e-25,13.98189648919367,5.460021745259981e-25,14.052230302626834,5.138762963879485e-25,14.118069769956309
7.450870740091912e-25,13.714698660500847,6.82494713384775e-25,13.809968004301432,6.245862149516891e-25,13.906235246432153,5.798051921926009e-25,13.987010983057392,5.435062562214931e-25,14.05720486460626,5.115950007519776e-25,14.122900503607601
7.414498300348449e-25,13.720011808581528,6.7917711394828085e-25,13.81525862554539,6.215896739439893e-25,13.911456755467366,5.770870794467449e-25,13.992112856273078,5.410275611356727e-25,14.062167759516498,5.093289280016498e-25,14.127720375488138
7.378403024650238e-25,13.725310299332175,6.758846356287942e-25,13.82053479831142,6.186153123273872e-25,13.91666456920861,5.74388408411746e-25,13.997202066148615,5.385659806121352e-25,14.067118940907509,5.070779879062931e-25,14.132529337555253
7.342582756150281e-25,13.730594108407267,6.72617086278191e-25,13.825796495076776,6.156629692193884e-25,13.92185865220025,5.717090476648922e-25,14.002278570337308,5.361214065678038e-25,14.07205836264918,5.048420906573217e-25,14.137327342052629
7.307035355645712e-25,13.735863211692703,6.693742752512875e-25,13.831043688599568,6.127324848568921e-25,13.927038969328974,5.690488665766529e-25,14.007342326841771,5.336937314906991e-25,14.076985978935785,5.026211468668864e-25,14.142114341515105
7.271758701418695e-25,13.741117585309505,6.661560133935986e-25,13.836276351921896,6.0982370058895705e-25,13.932205485826964,5.664077353067632e-25,14.012393294017764,5.312828484377344e-25,14.081901744290386,5.004150675665464e-25,14.146890288773394
7.236750689078829e-25,13.74635720561754,6.629621130291971e-25,13.84149445837298,6.069364588696088e-25,13.937358167275034,5.63785524800327e-25,14.017431430577988,5.288886510325205e-25,14.086805613569192,4.982237642059487e-25,14.151655136958809
7.202009231407227e-25,13.75158204921917,6.597923879486733e-25,13.846697981572277,6.040706032506881e-25,13.942496979605755,5.611821067839321e-25,14.022456695595867,5.265110334631792e-25,14.091697541965912,4.960471486515182e-25,14.156408839507934
7.167532258202206e-25,13.756792092962915,6.566466533972026e-25,13.851886895432559,6.01225978374743e-25,13.94762188910654,5.585973537617898e-25,14.027469048509259,5.241498904801711e-25,14.096577485016025,4.938851331851604e-25,14.161151350167264
7.133317716126553e-25,13.761987313947081,6.535247260627136e-25,13.857061174162983,5.984024299679676e-25,13.952732862422694,5.560311390118895e-25,14.032468449124153,5.218051173941361e-25,14.101445398601046,4.917376305029735e-25,14.165882622997815
7.099363568556346e-25,13.767167689523362,6.5042642406415585e-25,13.862220792272145,5.955998048331753e-25,13.957829866560445,5.534833365821689e-25,14.037454857618318,5.194766100737385e-25,14.106301238952739,4.896045537139698e-25,14.170602612379692
7.065667795431363e-25,13.772333197300428,6.473515669398724e-25,13.867365724571098,5.928179508428232e-25,13.962912868889923,5.509538212867067e-25,14.042428234544909,5.171642649435325e-25,14.111144962657287,4.874858163388086e-25,14.175311273016616
7.032228393106981e-25,13.777483815147466,6.442999756360661e-25,13.872495946176361,5.9005671693207e-25,13.967981837148132,5.484424687019257e-25,14.047388540836035,5.1486797898182665e-25,14.11597652665943,4.853813323085371e-25,14.180008559940424
6.999043374207608e-25,13.782619521197725,6.412714724953678e-25,13.877611432512895,5.87315953091881e-25,13.973036739441872,5.459491551628175e-25,14.052335737806294,5.125876497185673e-25,14.120795888266544,4.832910159633414e-25,14.184694428515519
6.966110767481661e-25,13.787740293852004,6.382658812455053e-25,13.882712159317053,5.8459551036217185e-25,13.978077544250626,5.434737577591821e-25,14.057269787156237,5.1032317523322815e-25,14.125603005152701,4.812147820513059e-25,14.18936883444328
6.933428617657913e-25,13.792846111782136,6.352830269880623e-25,13.887798102639525,5.818952408249932e-25,13.983104220429418,5.410161543318826e-25,14.062190650975836,5.08074454152708e-25,14.130397835362665,4.791525457271804e-25,14.194031733766451
6.900994985303438e-25,13.79793695393443,6.323227361873405e-25,13.892869238848228,5.792149975977565e-25,13.988116737211644,5.385762234691179e-25,14.067098291747865,5.058413856492399e-25,14.135180337315841,4.771042225511571e-25,14.198683082873455
6.8688079466829145e-25,13.803012799533084,6.293848366593113e-25,13.897925544631203,5.765546348265005e-25,13.993115064211858,5.361538445027093e-25,14.071992672351264,5.036238694383086e-25,14.13995046981022,4.750697284876548e-25,14.203322838502688
6.836865593619375e-25,13.80807362808358,6.264691575606674e-25,13.902966996999453,5.7391400767919655e-25,13.998099171428512,5.337488975044051e-25,14.07687375606445,5.014218057765758e-25,14.144708192026206,4.730489799041093e-25,14.207950957746771
6.805166033356403e-25,13.813119419376036,6.235755293779633e-25,13.907993573289774,5.712929723390933e-25,14.003069029246697,5.3136126328219615e-25,14.081741506568578,4.992350954598146e-25,14.149453463530476,4.710418935697735e-25,14.21256739805675
6.773707388421705e-25,13.818150153488528,6.207037839168504e-25,13.91300525116756,5.686913859981036e-25,14.008024608440799,5.289908233766526e-25,14.08659588795077,4.9706363982085085e-25,14.154186244279732,4.690483866545222e-25,14.217172117246246
6.742487796492076e-25,13.823165810790394,6.178537542914061e-25,13.918002008629566,5.661091068502273e-25,14.012965880177152,5.266374600572707e-25,14.091436864707287,4.949073407275143e-25,14.158906494624432,4.6706837672766625e-25,14.221765073495579
6.711505410259711e-25,13.828166371945482,6.15025274913551e-25,13.922983824006645,5.635459940850155e-25,14.01789281601665,5.24301056318836e-25,14.096264401746655,4.92766100580596e-25,14.163614175312484,4.651017817567709e-25,14.226346225355822
6.680758397299923e-25,13.833151817915384,6.122181814825594e-25,13.927950675966471,5.610019078810722e-25,14.0228053879173,5.219814958778023e-25,14.101078464392762,4.906398223118136e-25,14.168309247492855,4.631485201064812e-25,14.230915531752832
6.650244939940121e-25,13.838122129962633,6.094323109746566e-25,13.93290254351621,5.584767093995947e-25,14.027703568236758,5.196786631686834e-25,14.105879018387865,4.88528409381783e-25,14.172991672719167,4.612085105373541e-25,14.2354729519912
6.619963235130178e-25,13.843077289653852,6.066675016327065e-25,13.937839406005166,5.559702607779519e-25,14.032587329734817,5.17392443340459e-25,14.110666029895613,4.864317657779984e-25,14.177661412953224,4.592816722046947e-25,14.240018445758205
6.58991149431406e-25,13.848017278862887,6.0392359295598755e-25,13.942761243127414,5.534824251233e-25,14.037456645575862,5.151227222529952e-25,14.115439465503956,4.843497960128158e-25,14.182318430568492,4.5736792465739855e-25,14.244551973127656
6.56008794330279e-25,13.852942079773888,6.012004256900568e-25,13.94766803492437,5.510130665062391e-25,14.042311489331274,5.1286938647348045e-25,14.120199292228055,4.822824051214497e-25,14.186962688353525,4.554671878368011e-25,14.249073494563735
6.530490822148643e-25,13.857851674884369,5.984978418166973e-25,13.952559761787343,5.485620499545022e-25,14.047151834981797,5.106323232728718e-25,14.124945477513112,4.80229498659968e-25,14.191594149515351,4.535793820755286e-25,14.253582970924763
6.501118385020631e-25,13.862746047008205,5.958156845439536e-25,13.957436404460077,5.461292414466848e-25,14.051977656919876,5.084114206223568e-25,14.129677989237168,4.781909827032982e-25,14.196212777682783,4.517044280963558e-25,14.258080363466927
6.471968900081229e-25,13.867625179278628,5.931537982962522e-25,13.962297944041206,5.437145079060101e-25,14.056788929951942,5.06206567189829e-25,14.13439679571384,4.761667638432373e-25,14.20081853690971,4.498422470110678e-25,14.262565633847943
6.443040649364359e-25,13.872489055151153,5.905120287046088e-25,13.967144361986715,5.413177171941348e-25,14.06158562930065,5.0401765233637745e-25,14.139101865695018,4.741567491864712e-25,14.205411391678288,4.479927603193279e-25,14.267038744130675
6.414331928654532e-25,13.877337658406477,5.878902225969101e-25,13.97197564011237,5.389387381049823e-25,14.066367730607094,5.018445661127843e-25,14.143793168373495,4.721608463525916e-25,14.209991306902136,4.461558899075442e-25,14.271499656786709
6.385841047367284e-25,13.882170973153336,5.8528822798829075e-25,13.97679176059607,5.365774403586237e-25,14.071135209932956,4.996871992561701e-25,14.148470673385289,4.701789634721285e-25,14.214558247929423,4.443315580477475e-25,14.275948334699855
6.357566328430702e-25,13.88698898383133,5.827058940715803e-25,13.981592705980216,5.342336945951837e-25,14.075888043762642,4.9754544318601115e-25,14.153134350813273,4.682110091845778e-25,14.219112180545924,4.425196873964643e-25,14.280384741169602
6.329506108168247e-25,13.891791675213698,5.801430712078433e-25,13.986378459173995,5.31907372368794e-25,14.08062620900534,4.954191900014419e-25,14.157784171188023,4.662568926364438e-25,14.223653070978038,4.40720200993603e-25,14.284808839914524
6.301658736182618e-25,13.896579032410049,5.775996109169875e-25,13.99114900345567,5.295983461415693e-25,14.085349682997057,4.933083324772966e-25,14.162420105491332,4.643165234792759e-25,14.22818088589571,4.38933022261332e-25,14.28922059507563
6.274022575240874e-25,13.901351040869066,5.7507536586846325e-25,13.995904322474786,5.2730648927763e-25,14.090058443502608,4.9121276406080435e-25,14.167042125158329,4.6238981186772e-25,14.232695592415325,4.371580750029714e-25,14.293619971219648
6.246596001160633e-25,13.906107686381148,5.725701898720349e-25,14.000644400254382,5.250316760371548e-25,14.094752468717566,4.891323788681658e-25,14.171650202079787,4.604766684575689e-25,14.237197158102543,4.353952834018805e-25,14.298006933342261
6.219377402697402e-25,13.910848955081022,5.700839378686325e-25,14.005369221193137,5.227737815704672e-25,14.09943173727014,4.870670716811403e-25,14.176244308604419,4.585770044038158e-25,14.241685550975065,4.3364457202035e-25,14.302381446871285
6.19236518143308e-25,13.915574833450306,5.676164659212834e-25,14.010078770067476,5.205326819121613e-25,14.104096228223048,4.850167379436498e-25,14.180824417541075,4.566907313587184e-25,14.24616073950535,4.319058657984988e-25,14.30674347766978
6.165557751665442e-25,13.920285308320041,5.6516763120611515e-25,14.014773032033657,5.183082539752556e-25,14.108745921075316,4.829812737583891e-25,14.185390502160917,4.54817761469858e-25,14.250622692623269,4.301790900531661e-25,14.311092992039129
6.138953540298869e-25,13.924980366873147,5.6273729200344555e-25,14.019451992629786,5.161003755453905e-25,14.113380795764034,4.809605758834555e-25,14.189942536199522,4.529580073782134e-25,14.255071379718709,4.284641704768169e-25,14.315429956722014
6.112550986735992e-25,13.929659996646873,5.60325307688933e-25,14.024115637777829,5.139089252750479e-25,14.118000832666084,4.789545417289805e-25,14.194480493858947,4.511113822162269e-25,14.259506770644107,4.267610331364366e-25,14.319754338905385
6.086348542770534e-25,13.93432418553517,5.579315387248184e-25,14.02876395378554,5.117337826778179e-25,14.122606012599796,4.769630693537836e-25,14.199004349809707,4.49277799605885e-25,14.26392883571693,4.250696044724382e-25,14.324066106223327
6.060344672481096e-25,13.938972921791036,5.555558466512257e-25,14.033396927348388,5.095748281226856e-25,14.127196316826579,4.749860574620267e-25,14.203514079192745,4.474571736567923e-25,14.2683375457221,4.233898112975608e-25,14.328365226759892
6.034537852126093e-25,13.943606194028812,5.531980940775514e-25,14.038014545551407,5.074319428283658e-25,14.131771727052493,4.730234053998922e-25,14.208009657621297,4.456494189642594e-25,14.272732871914341,4.217215807957815e-25,14.332651669051854
6.008926570039652e-25,13.948223991226408,5.508581446739183e-25,14.042616795871021,5.053050088576627e-25,14.136332225429761,4.710750131522652e-25,14.212491061182723,4.438544506073883e-25,14.277114786020487,4.200648405212196e-25,14.336925402091406
5.983509326528384e-25,13.952826302727548,5.485358631626882e-25,14.047203666176852,5.031939091118513e-25,14.140877794558287,4.691407813394156e-25,14.216958266440326,4.420721841471506e-25,14.28148326024174,4.184195183970351e-25,14.341186395328837
5.958284633769556e-25,13.957413118243853,5.462311153100857e-25,14.0517751447334,5.01098527325125e-25,14.145408417487047,4.672206112137241e-25,14.221411250435002,4.403025356244972e-25,14.285838267255805,4.1678554271435245e-25,14.345434618675059
5.933251015709841e-25,13.961984427857,5.439437679178507e-25,14.05633122020178,4.990187480590418e-25,14.14992407771549,4.65314404656385e-25,14.22584999068695,4.385454215584419e-25,14.290179780219043,4.151628421311607e-25,14.349670042504155
5.908407007965264e-25,13.966540222020752,5.416736888149837e-25,14.060871881641349,4.969544566970202e-25,14.154424759194868,4.634220641741385e-25,14.230274465197256,4.368007589441625e-25,14.294507772768503,4.135513456712233e-25,14.353892637655829
5.8837511577220725e-25,13.971080491562958,5.394207468495572e-25,14.065397118511314,4.949055394388644e-25,14.15891044632953,4.615434928960088e-25,14.23468465244946,4.350684652511016e-25,14.298822219023934,4.11950982722991e-25,14.358102375437795
5.859282023638577e-25,13.975605227687518,5.371848118805934e-25,14.06990692067228,4.928718832953218e-25,14.163381123978152,4.5967859457005495e-25,14.239080531411021,4.333484584210705e-25,14.303123093589706,4.103616830385111e-25,14.362299227628105
5.834998175747905e-25,13.980114421976287,5.349657547700127e-25,14.074401278387771,4.908533760826707e-25,14.167836777454916,4.578272735601306e-25,14.243462081534775,4.31640656866355e-25,14.307410371556674,4.0878337673233776e-25,14.366483166477417
5.810898195361772e-25,13.98460806639092,5.327634473746525e-25,14.078880182325683,4.888499064173455e-25,14.172277392530667,4.559894348426573e-25,14.24782928276028,4.299449794678262e-25,14.311684028503992,4.072159942804458e-25,14.370654164711185
5.786980674975049e-25,13.989086153274695,5.305777625383435e-25,14.083343623559719,4.868613637105832e-25,14.176702955433992,4.54164984003403e-25,14.252182115515174,4.282613455730475e-25,14.315944040500863,4.0565946651913603e-25,14.374812195531822
5.763244218171419e-25,13.993548675354239,5.284085740840691e-25,14.087791593570735,4.848876381631157e-25,14.181113452852252,4.523538272342818e-25,14.256520560716394,4.26589674994394e-25,14.320190384108193,4.0411372464395317e-25,14.378957232620738
5.739687439529779e-25,13.997995625741257,5.262557568061738e-25,14.092224084248086,4.8292862075988e-25,14.185508871932573,4.505558713301514e-25,14.2608445997714,4.249298880071644e-25,14.324423036380244,4.025787002085904e-25,14.38308925014038
5.716308964531652e-25,14.002426997934169,5.241191864626494e-25,14.096641087890893,4.809842032647684e-25,14.189889200282792,4.487710236856313e-25,14.265154214579312,4.232819053477014e-25,14.32864197486616,4.010543251238034e-25,14.38720822273615
5.693107429469404e-25,14.00684278581971,5.219987397674793e-25,14.101042597209272,4.790542782154053e-25,14.194254425972339,4.469991922919262e-25,14.269449387531994,4.216456482115114e-25,14.332847177611471,3.9954053165631786e-25,14.391314125538305
5.67008148135542e-25,14.011242983674478,5.1989429438305135e-25,14.105428605325516,4.771387389179586e-25,14.19860453753307,4.452402857336628e-25,14.273730101515076,4.200210382513882e-25,14.337038623159517,3.9803725242774063e-25,14.395406934163754
5.647229777832086e-25,14.015627586166422,5.178057289126318e-25,14.109799105775226,4.752374794419785e-25,14.202939523960056,4.434942131857349e-25,14.27799633990893,4.184079975755377e-25,14.341216290552811,3.965444204134667e-25,14.399486624717811
5.624550987082633e-25,14.0199965883563,5.157329228929034e-25,14.114154092508398,4.7335039461526805e-25,14.207259374712319,4.417608844101606e-25,14.282248086589572,4.168064487457044e-25,14.34538015933434,3.950619689415892e-25,14.40355317379588
5.602043787742859e-25,14.02434998569905,5.136757567865659e-25,14.118493559890455,4.714773800187839e-25,14.21156407971352,4.400402097529483e-25,14.286485325929512,4.152163147753007e-25,14.3495302095488,3.9358983169180335e-25,14.407606558485067
5.579706868813672e-25,14.028687774045135,5.116341119749996e-25,14.12281750270323,4.696183319815696e-25,14.215853629352578,4.383321001409751e-25,14.290708042798551,4.1363751912753765e-25,14.35366642174377,3.9212794269431655e-25,14.411646756365736
5.55753892957446e-25,14.033009949641823,5.096078707509891e-25,14.127125916145914,4.67773147575716e-25,14.220128014484269,4.366364670788744e-25,14.294916222564504,4.120699857135588e-25,14.357788776970809,3.906762363287507e-25,14.415673745512981
5.535538679497267e-25,14.03731650913442,5.075969163115071e-25,14.131418795835934,4.659417246113505e-25,14.224387226429748,4.34953222645932e-25,14.299109851093883,4.1051363889057217e-25,14.36189725678653,3.892346473230473e-25,14.41968750449806
5.5137048381618365e-25,14.04160744956744,5.056011327505643e-25,14.135696137809791,4.641239616316635e-25,14.22863125697702,4.332822794929977e-25,14.303288914752507,4.0896840345999143e-25,14.365991843253534,3.8780311075237186e-25,14.42368801238974
5.49203613517139e-25,14.045882768385724,5.036204050521115e-25,14.13995793852385,4.623197579079558e-25,14.23286009838138,4.316235508394016e-25,14.307453400406056,4.0743420466557048e-25,14.370072518941365,3.8638156203801464e-25,14.427675248755566
5.470531310069211e-25,14.050142463435519,5.016546190830045e-25,14.144204194855078,4.605290134347193e-25,14.237073743365789,4.299769504698831e-25,14.311603295420573,4.0591096819154534e-25,14.374139266927344,3.849699369462915e-25,14.43164919366311
5.449189112256053e-25,14.05438653296548,4.997036615860294e-25,14.148434904101727,4.587516289247472e-25,14.241272185121181,4.283423927315299e-25,14.315738587662905,4.043986201607746e-25,14.378192070797358,3.8356817158744315e-25,14.435609827681105
5.428008300908298e-25,14.058614975627636,4.977674201729851e-25,14.15265006398398,4.569875058042751e-25,14.245455417306758,4.267197925307288e-25,14.319859265501066,4.0289708713288656e-25,14.382230914646584,3.821762024145351e-25,14.43955713188053
5.40698764489685e-25,14.062827790478286,4.958457833178205e-25,14.156849672644526,4.552365462081463e-25,14.249623434050193,4.251090653301228e-25,14.323965317804582,4.0140629610242076e-25,14.386255783080154,3.807939662223512e-25,14.443491087835637
5.386125922706848e-25,14.06702497697886,4.939386403498343e-25,14.161033728649107,4.534986529750104e-25,14.253776229947812,4.235101271455825e-25,14.328056733944738,3.9992617449697807e-25,14.390266661213742,3.794214001462922e-25,14.447411677624897
5.365421922358082e-25,14.071206534996708,4.920458814469274e-25,14.165202230986994,4.517737296425496e-25,14.257913800064697,4.219228945431844e-25,14.332133503794786,3.9845665017536727e-25,14.394263534674096,3.7805844166126747e-25,14.451318883831888
5.344874441326168e-25,14.075372464805842,4.9016739762891235e-25,14.16935517907143,4.50061680442732e-25,14.262036139934768,4.20347284636202e-25,14.336195617730084,3.9699765142575794e-25,14.39824638959951,3.767050285805877e-25,14.455212689546121
5.324482286464457e-25,14.079522767087616,4.883030807508806e-25,14.17349257274,4.483624102970955e-25,14.266143245560782,4.18783215082105e-25,14.340243066628199,3.9554910696383063e-25,14.402215212640229,3.7536109905485562e-25,14.459093078363784
5.304244273926663e-25,14.083657442931369,4.864528234966226e-25,14.177614412254979,4.466758248120591e-25,14.270235113414302,4.172306040795703e-25,14.344275841868921,3.94110945930932e-25,14.406169990958787,3.7402659157085574e-25,14.462960034388427
5.284159229090223e-25,14.087776493834996,4.846165193721035e-25,14.181720698303604,4.450018302742631e-25,14.274311740435609,4.156893703655011e-25,14.348293935334237,3.9268309789223e-25,14.410110712230274,3.727014449504404e-25,14.466813542231595
5.264225986480319e-25,14.091879921705459,4.827940626989918e-25,14.185811431998307,4.433403336459335e-25,14.278373124033562,4.141594332120567e-25,14.352297339408254,3.912654928348702e-25,14.41403736464257,3.713855983494155e-25,14.470653587013373
5.244443389694714e-25,14.09596772885927,4.809853486082466e-25,14.189886614876885,4.416912425602843e-25,14.28241926208539,4.1264071242369693e-25,14.356286046977035,3.898580611661376e-25,14.417949936896472,3.700789912564273e-25,14.47448015436287
5.224810291329108e-25,14.100039918022894,4.791902730337494e-25,14.193946248902646,4.4005446531693305e-25,14.286450152936476,4.111331283342263e-25,14.360260051428414,3.884607337116127e-25,14.4218484182058,3.6878156349183966e-25,14.478293230418657
5.205325552903355e-25,14.104096492333106,4.774087327059976e-25,14.197990336464468,4.384299108773578e-25,14.290465795400031,4.096366018038599e-25,14.36421934665173,3.8707344171333757e-25,14.425732798297407,3.6749325520661966e-25,14.482092801829097
5.185988044788255e-25,14.10813745533729,4.75640625145845e-25,14.202018880376833,4.3681748886037285e-25,14.294466188756768,4.0815105421629205e-25,14.3681639270375,3.856961168279779e-25,14.429603067411149,3.6621400688121294e-25,14.48587885575266
5.166796646133032e-25,14.112162810993693,4.738858486582956e-25,14.206031883879803,4.352171095376356e-25,14.298451332754496,4.066764074757764e-25,14.372093787477064,3.843286911249885e-25,14.433459216299779,3.6494375932442163e-25,14.489651379858135
5.147750244793524e-25,14.11617256367161,4.7214430232634945e-25,14.210029350638932,4.3362868382917985e-25,14.302421227607672,4.052125840042181e-25,14.376008923362136,3.82971097084782e-25,14.437301236228787,3.636824536722799e-25,14.49341036232479
5.128847737260957e-25,14.120166718151525,4.704158860048978e-25,14.214011284745146,4.320521232989762e-25,14.3063758739969,4.0375950673827415e-25,14.379909330584317,3.8162326759689596e-25,14.441129118976168,3.624300313869269e-25,14.497155791842461
5.110088028591434e-25,14.124145279625195,4.687005003146699e-25,14.21797769071457,4.3048734015051845e-25,14.310315273068385,4.023170991264643e-25,14.383795005534568,3.80285135958165e-25,14.444942856832139,3.6118643425547787e-25,14.500887657611598
5.091470032336022e-25,14.128108253695673,4.66998046636229e-25,14.22192857348828,4.289342472224384e-25,14.314239426433321,4.008852851262914e-25,14.387665945102583,3.789566358708913e-25,14.448742442598798,3.5995160438889385e-25,14.504605949343206
5.072992670471524e-25,14.13205564637729,4.653084271040218e-25,14.225863938432038,4.273927579841493e-25,14.318148336167246,3.994639892013756e-25,14.391522146676152,3.7763770144102295e-25,14.452527869589693,3.5872548422085117e-25,14.50831065725876
5.054654873331795e-25,14.135987464095562,4.636315446004673e-25,14.229783791335956,4.258627865315075e-25,14.322042004809347,3.980531363185906e-25,14.395363608140443,3.7632826717632386e-25,14.456299131629368,3.575080165066034e-25,14.512001772090036
5.036455579539787e-25,14.139903713687074,4.619673027501059e-25,14.233688138414111,4.24344247582512e-25,14.325920435361692,3.9665265194521924e-25,14.399190327877228,3.7502826798455654e-25,14.460056223052828,3.562991443218495e-25,14.515679285078877
5.018393735940152e-25,14.143804402399264,4.603156059137922e-25,14.237576986304102,4.228370564730237e-25,14.329783631288434,3.952624620461146e-25,14.403002304764069,3.7373763917166086e-25,14.463799138704934,3.550988110615955e-25,14.519343187976903
